Title,Description,Published At,Source,URL,Saved At
It's the Midwest's time to shine: Baby boomers explain why the left the Sunbelt and moved back north,Rising housing costs and temperatures have helped push some from the Sunbelt to the Midwest.,2025-04-19T08:06:01Z,Business Insider,https://www.businessinsider.com/baby-boomer-homeowners-retirees-moved-from-sunbelt-to-midwest-2025-4,2025-04-28 23:32:01
Jurassic World Rebirth Isn’t Trying to Hide Its Nostalgia Play,The newest entry in the dino franchise aims to recapture the awe and excitement that made the original a cinematic phenomenon.,2025-04-17T18:50:16Z,Gizmodo.com,https://gizmodo.com/jurassic-world-rebirth-isnt-trying-to-hide-its-nostalgia-play-2000590632,2025-04-28 23:32:01
"TP-Link SolarCam Kit Just Crashed Below Black Friday Pricing on Amazon, but Not for Long","Solar-powered security, this TP-Link's camera brings endless power to home surveillance.",2025-04-17T14:55:04Z,Gizmodo.com,https://gizmodo.com/tp-link-solarcam-kit-just-crashed-below-black-friday-pricing-on-amazon-but-not-for-long-2000590423,2025-04-28 23:32:01
5 ways we’re making progress on climate change,"A version of this story originally appeared in the Good News newsletter. Sign up here! Any time I try to convince skeptical people that the world isn’t as bad as they think it is — which I do quite a lot, given that I write a newsletter called Good News — the…",2025-04-25T22:07:25Z,Vox,https://www.vox.com/future-perfect/410553/climate-change-clean-energy-carbon-emissions-renewable-energy-progress,2025-04-28 23:32:01
"Length of a Day on Uranus Revised, Pour Height Influences Coffee Quality, and Plastics Recycling Falls Short.","A fluid study homes in on the best method to make a cup of coffee, scientists use the Hubble Telescope to reassess the length of a day on Uranus, and we discuss more of the latest in science in this news roundup.",2025-04-14T10:00:00Z,Scientific American,https://www.scientificamerican.com/podcast/episode/length-of-a-day-on-uranus-revised-pour-height-influences-coffee-quality-and/,2025-04-28 23:32:01
The 7 Best Earth Day Deals of 2025,"Shop some of our favorite eco-friendly, organic, and reusable products that are on sale for Earth Day.",2025-04-22T10:07:00Z,Wired,https://www.wired.com/story/earth-day-deals-2025/,2025-04-28 23:32:01
Trump’s ‘war on science’ hands Europe major tech talent opportunity,"As the Trump administration ramps up what academics call a  “war on science,” US researchers are increasingly looking to Europe for new opportunities — which could be good news for the continent’s tech sectors. France, in particular, is positioning itself as …",2025-04-21T13:23:26Z,The Next Web,https://thenextweb.com/news/trump-war-on-science-could-benefit-european-tech-talent,2025-04-28 23:32:01
This Modest Gadget Is the New Superhero of the Energy-Efficient Home,Big savings and few downsides: Why doesn't your home have a smart learning thermostat yet?,2025-04-16T12:00:11Z,CNET,https://www.cnet.com/home/smart-home/features/this-modest-gadget-is-the-new-superhero-of-the-energy-efficient-home/,2025-04-28 23:32:01
Over 150 Million People In U.S. Live In Places With Failing Pollution Grades—These Cities Have The Worst Pollution,"Air quality has been worsening because of climate change, particularly wildfires and extreme heat, according to the American Lung Association’s annual report.",2025-04-23T19:39:22Z,Forbes,https://www.forbes.com/sites/mollybohannon/2025/04/23/over-150-million-people-in-us-live-in-places-with-failing-pollution-grades-these-cities-have-the-worst-pollution/,2025-04-28 23:32:01
"Controlled burns reduce wildfire risk, but they require trained staff and funding. This could be a rough year","Red skies in August, longer fire seasons and checking air quality before taking my toddler to the park. This has become the new norm in the western United States as wildfires become more frequent, larger and more catastrophic.",2025-04-23T16:50:01Z,Phys.Org,https://phys.org/news/2025-04-wildfire-require-staff-funding-rough.html,2025-04-28 23:32:01
Why Free-Market Republicans Are Embracing a Surprisingly Green Cause,"The right to repair can reduce emissions and pollution. But for conservatives, it's ""a freedom and liberty issue.""",2025-04-22T13:50:08Z,Gizmodo.com,https://gizmodo.com/why-free-market-republicans-are-embracing-a-surprisingly-green-cause-2000592644,2025-04-29 18:46:50
7 Best Eco-Friendly Cleaning Products (2025),"Next time you stock up on supplies, consider these green cleaning alternatives, from refillable sprays to reusable dishcloths.",2025-04-22T11:09:00Z,Wired,https://www.wired.com/gallery/best-eco-friendly-cleaning-products/,2025-04-29 18:46:50
"India's Delhi Plans To Curb Gasoline Car Sales, Ban Gas-Guzzling Bikes To Shed Polluter Tag","India's capital New Delhi plans to limit gasoline and diesel-powered cars a family can buy as well as ban sales of fuel-guzzling motorbikes and scooters, according to a draft policy aimed at cleaning up one of the world's most polluted cities. From a report: …",2025-04-24T20:14:00Z,Slashdot.org,https://news.slashdot.org/story/25/04/24/2014248/indias-delhi-plans-to-curb-gasoline-car-sales-ban-gas-guzzling-bikes-to-shed-polluter-tag,2025-04-29 18:46:50
Is this the antidote to America’s truck bloat problem?,"Last night, a new company called Slate Auto unveiled its first product, a spartan two-seater electric truck with a mere 150 miles of range and a world of possibility. There's no paint, no distracting infotainment screen, and no stereo or even radio. It doesn'…",2025-04-25T19:18:07Z,The Verge,https://www.theverge.com/electric-cars/656270/slate-truck-bloat-size-weight-safety-tech,2025-04-29 18:46:50
"Child Asthma Will Worsen with Trump’s Pollution Rollbacks and RFK, Jr.’s CDC Cuts","President Trump has ordered agencies to act “urgently” to curb asthma—a goal at odds with moves to roll back air pollution limits and with RFK, Jr., cutting CDC experts",2025-04-22T15:45:00Z,Politicopro.com,https://subscriber.politicopro.com/article/eenews/2025/04/22/fired-asthma-experts-slashed-rules-are-double-whammy-for-american-lungs-00294026,2025-04-29 18:46:50
Scientists Say They Can Calculate the Cost of Oil Giants' Role In Global Warming,"An anonymous reader quotes a report from the Washington Post: Oil and gas companies are facing hundreds of lawsuits around the world testing whether they can be held responsible for their role in causing climate change. Now, two scientists say they've built a…",2025-04-24T13:00:00Z,Slashdot.org,https://science.slashdot.org/story/25/04/23/2238225/scientists-say-they-can-calculate-the-cost-of-oil-giants-role-in-global-warming,2025-04-29 18:46:50
Researchers uncover alarming health risk growing inside pregnant stray cats: 'It's a flashing red warning light',"""Raises new concerns for animal and human health.""",2025-04-26T10:15:50Z,Yahoo Entertainment,https://www.yahoo.com/news/researchers-uncover-alarming-health-risk-101550375.html,2025-04-29 18:46:50
Elon Sounds Extremely Depressed After Tesla Profits Plunge 71%,The oligarch said he'll scale back his involvement in DOGE but will remain throughout Trump's presidency.,2025-04-22T23:30:56Z,Gizmodo.com,https://gizmodo.com/elon-sounds-extremely-depressed-after-tesla-profits-plunge-71-2000593013,2025-04-29 18:46:50
This App Lets National Park Visitors Report Trash and Plastic Pollution,Plastic waste sullies national parks. This app can help clean it up.,2025-04-24T21:02:00Z,Mental Floss,https://www.mentalfloss.com/app-reports-national-park-trash,2025-04-29 18:46:50
"New York City region air quality alert as New Jersey wildfire burns 13,000 acres","At least 13,000 acres are burning in New Jersey as winds are expected to continue Thursday and smoke will hit the New York City area.",2025-04-24T10:46:32Z,ABC News,https://abcnews.go.com/US/13000-acres-burned-new-jersey-smoke-expected-hit/story?id=121115949,2025-04-29 18:46:50
Researchers uncover disturbing health threat impacting older adults across the country: 'Acting now could save lives',"""Even moderate exposure can exacerbate pre-existing conditions.""",2025-05-01T10:30:55Z,Yahoo Entertainment,https://www.yahoo.com/news/researchers-uncover-disturbing-health-threat-103055559.html,2025-05-05 19:49:49
"Trump’s proposed budget deals another big blow to science, clean energy, and the environment","President Donald Trump proposed drastic budget cuts today that could stymie green energy projects, gut environmental protections, and further hobble health and climate research in the US. Topline budget proposals released today for the 2026 fiscal year would …",2025-05-02T21:13:17Z,The Verge,https://www.theverge.com/news/660579/president-trump-budget-slash-science-health-energy-climate-environment,2025-05-05 19:49:49
"Dying Satellites Can Drive Climate Change and Ozone Depletion, Study Finds","There's 9,000 satellites circling the earth, the Guardian points out, with projections over over 60,000 by 2040. 
But ""A new study shows that the emissions from expired satellites, as they fall to Earth and burn up, will be significant in future years, with i…",2025-05-04T01:34:00Z,Slashdot.org,https://science.slashdot.org/story/25/05/03/1934218/dying-satellites-can-drive-climate-change-and-ozone-depletion-study-finds,2025-05-05 19:49:49
Researchers issue warning over escalating threat to public health: 'We're talking about millions of people affected',Researchers suggest tackling the problem at its source.,2025-05-03T11:15:18Z,Yahoo Entertainment,https://www.yahoo.com/news/researchers-issue-warning-over-escalating-111518941.html,2025-05-05 19:49:49
Air filters in classrooms reduce sick days by more than 10 per cent,"Putting air filters in classrooms seems to boost student attendance, which may be due to them reducing levels of air pollution, pollen, pathogens or all three",2025-04-29T15:00:31Z,New Scientist,https://www.newscientist.com/article/2478252-air-filters-in-classrooms-reduce-sick-days-by-more-than-10-per-cent/,2025-05-05 19:49:49
Tesla owners blindsided by claim of unexpected issue forcing costly replacements — here's the vehicle flagged,"""Our advice is consistent across all vehicles when it comes to tire care.""",2025-05-04T10:30:54Z,Yahoo Entertainment,https://autos.yahoo.com/tesla-owners-blindsided-claim-unexpected-103054177.html,2025-05-05 19:49:49
Can Mexico bring back the endangered axolotl?,"Pollution has cut the amphibian's numbers by 99.5 percent, but scientists believe Mexico's cultural icon could return.",2025-05-01T11:50:40Z,Al Jazeera English,https://www.aljazeera.com/news/2025/5/1/can-mexico-bring-back-the-endangered-axolotl,2025-05-05 19:49:49
How Trump’s EPA Plans to Undo Climate Rules,President Trump’s EPA administrator Lee Zeldin seems to be focusing on costs to industry in an effort to dismantle the scientific justification for climate regulations,2025-04-28T17:00:00Z,Politicopro.com,https://subscriber.politicopro.com/article/eenews/2025/04/28/zeldins-endangerment-finding-plan-accept-warming-contest-its-costs-00311602,2025-05-05 19:49:49
Endangered axolotl release raises hopes for rare amphibian,"Study provides hope for future of the axolotl amphibian, pushed to the brink of extinction in Mexico.",2025-04-30T18:00:08Z,BBC News,https://www.bbc.com/news/articles/cm2xr2jzelyo,2025-05-05 19:49:49
Study gauges public's willingness on microplastic interventions,"Laundry is a major source of microplastic pollution into the environment, and in-line washing machine filters are one potential solution for preventing fibers from entering waterways. But how likely would people be willing to pay for them?",2025-05-02T16:02:03Z,Phys.Org,https://phys.org/news/2025-05-gauges-willingness-microplastic-interventions.html,2025-05-05 19:49:49
Florida Environmentalists Sound Alarm on SpaceX Bid to Launch 120 Rockets a Year,"Local advocacy groups argue the ambitious launch schedule could increase pollution, harm wildlife, and disrupt fishing.",2025-05-16T16:05:38Z,Gizmodo.com,https://gizmodo.com/florida-environmentalists-sound-alarm-on-spacex-bid-to-launch-120-rockets-a-year-2000603090,2025-05-23 23:17:24
Meta faces Democratic probe into plans to power a giant data center with gas,"Meta’s building a new AI data center so massive in Louisiana that the local utility company has plans to construct three new gas-fired power plants to provide it with enough electricity. Now, advocates and lawmakers are pressing Meta for answers about how it’…",2025-05-17T00:04:09Z,The Verge,https://www.theverge.com/news/668934/meta-ai-data-center-gas-energy-climate-sustainability,2025-05-23 23:17:24
A study finds stacking bricks differently could help this country fight air pollution,"Bangladesh suffers from extreme air pollution, but a new study shows the brick industry can make small changes to have a big effect on the country's smog problem.",2025-05-18T09:00:00Z,NPR,https://www.npr.org/sections/goats-and-soda/2025/05/18/nx-s1-5389880/bangladesh-pollution-coal-bricks-air-quality,2025-05-23 23:17:24
15 vintage photos show what New York City looked like before the US regulated pollution,Pollution regulations began after the Environmental Protection Agency formed in 1970. The Trump administration has recently announced plans to cut back on EPA funding.,2025-05-16T18:16:47Z,Business Insider,https://www.businessinsider.com/new-york-city-pollution-before-epa-regulations-photos,2025-05-23 23:17:24
Community groups say Louisiana is trying to stop them from monitoring air pollution,"For community groups to allege violations of environmental rules, a state law says groups have to use federally-approved testing equipment, and it sets restrictions for analyzing and sharing the data.",2025-05-22T16:55:16Z,NPR,https://www.npr.org/2025/05/22/nx-s1-5406261/louisiana-air-pollution-free-speech-rights,2025-05-23 23:17:24
Recycled artwork highlights ocean plastic pollution,"Recycled artwork highlights ocean plastic pollutionIn a poignant intersection of art and environmental awareness, Franco-Croatian artist and paper designer Ana Brecevic has unveiled her recent series, “Plasticum.” This serves as...",2025-05-17T22:30:34Z,Yanko Design,https://www.yankodesign.com/2025/05/17/recycled-artwork-highlights-ocean-plastic-pollution/,2025-05-23 23:17:24
Corals living amidst marine pollution is a call to awareness and action,"Corals living amidst marine pollution is a call to awareness and actionOcean pollution is a major problem for our planet but there are still people that do not believe it exists or maybe worse, are unconcerned...",2025-05-22T16:20:57Z,Yanko Design,https://www.yankodesign.com/2025/05/22/corals-living-amidst-marine-pollution-is-a-call-to-awareness-and-action/,2025-05-23 23:17:24
Honeybees are getting confused by electric pollution from power lines,"Airborne electric fields similar to those from nearby power lines seem to have a dramatic effect on honeybee foraging, raising concerns about widespread impacts on pollinators",2025-05-22T08:00:09Z,New Scientist,https://www.newscientist.com/article/2480997-honeybees-are-getting-confused-by-electric-pollution-from-power-lines/,2025-05-23 23:17:24
Dormant coal power plant to be transformed into revolutionary new facility: 'I'm excited about what this can deliver for people',The project is expected to become one of the largest battery storage sites in the U.K.,2025-05-22T10:45:43Z,Yahoo Entertainment,https://www.yahoo.com/news/dormant-coal-power-plant-transformed-104543835.html,2025-05-23 23:17:24
Government says water company investigations have increased,The government says it has launched 81 criminal investigations for alleged breaches of environmental law.,2025-05-20T21:33:53Z,BBC News,https://www.bbc.com/news/articles/cdr555l82k6o,2025-05-23 23:17:24
"Pro-AI, pro-pollution, pro-surveillance: what you should know about Trump’s budget","The “One Big Beautiful Bill Act” that House Republicans narrowly passed early Thursday would strip state legislatures of AI oversight and scale back consumer protection and climate initiatives while funding border surveillance, among many other provisions. Th…",2025-05-22T19:42:37Z,The Verge,https://www.theverge.com/news/673015/trump-big-beautiful-bill-budget-reconciliation-ai-border-energy,2025-05-24 11:08:25
Meta faces Democratic probe into plans to power a giant data center with gas,"Meta’s building a new AI data center so massive in Louisiana that the local utility company has plans to construct three new gas-fired power plants to provide it with enough electricity. Now, advocates and lawmakers are pressing Meta for answers about how it’…",2025-05-17T00:04:09Z,The Verge,https://www.theverge.com/news/668934/meta-ai-data-center-gas-energy-climate-sustainability,2025-05-24 11:08:25
A study finds stacking bricks differently could help this country fight air pollution,"Bangladesh suffers from extreme air pollution, but a new study shows the brick industry can make small changes to have a big effect on the country's smog problem.",2025-05-18T09:00:00Z,NPR,https://www.npr.org/sections/goats-and-soda/2025/05/18/nx-s1-5389880/bangladesh-pollution-coal-bricks-air-quality,2025-05-24 11:08:25
Community groups say Louisiana is trying to stop them from monitoring air pollution,"For community groups to allege violations of environmental rules, a state law says groups have to use federally-approved testing equipment, and it sets restrictions for analyzing and sharing the data.",2025-05-22T16:55:16Z,NPR,https://www.npr.org/2025/05/22/nx-s1-5406261/louisiana-air-pollution-free-speech-rights,2025-05-24 11:08:25
Recycled artwork highlights ocean plastic pollution,"Recycled artwork highlights ocean plastic pollutionIn a poignant intersection of art and environmental awareness, Franco-Croatian artist and paper designer Ana Brecevic has unveiled her recent series, “Plasticum.” This serves as...",2025-05-17T22:30:34Z,Yanko Design,https://www.yankodesign.com/2025/05/17/recycled-artwork-highlights-ocean-plastic-pollution/,2025-05-24 11:08:25
Corals living amidst marine pollution is a call to awareness and action,"Corals living amidst marine pollution is a call to awareness and actionOcean pollution is a major problem for our planet but there are still people that do not believe it exists or maybe worse, are unconcerned...",2025-05-22T16:20:57Z,Yanko Design,https://www.yankodesign.com/2025/05/22/corals-living-amidst-marine-pollution-is-a-call-to-awareness-and-action/,2025-05-24 11:08:25
This Stunning Beach Is the No. 1 'Bacteria Hot Spot' in the U.S.—What Travelers Should Know,A beach in Hawaii topped the list.,2025-05-22T16:04:47Z,Travel+Leisure,https://www.travelandleisure.com/hawaii-beach-bacteria-hot-spot-in-usa-kahaluu-beach-oahu-11739944,2025-05-24 11:08:25
Honeybees are getting confused by electric pollution from power lines,"Airborne electric fields similar to those from nearby power lines seem to have a dramatic effect on honeybee foraging, raising concerns about widespread impacts on pollinators",2025-05-22T08:00:09Z,New Scientist,https://www.newscientist.com/article/2480997-honeybees-are-getting-confused-by-electric-pollution-from-power-lines/,2025-05-24 11:08:25
Dormant coal power plant to be transformed into revolutionary new facility: 'I'm excited about what this can deliver for people',The project is expected to become one of the largest battery storage sites in the U.K.,2025-05-22T10:45:43Z,Yahoo Entertainment,https://www.yahoo.com/news/dormant-coal-power-plant-transformed-104543835.html,2025-05-24 11:08:25
Congress moves to loosen toxic air pollution rules,"The House and Senate both voted to loosen regulations on air pollutants like dioxin and mercury, which are associated with higher cancer risk.",2025-05-22T18:54:37Z,NPR,https://www.npr.org/2025/05/22/nx-s1-5405619/air-pollution-rollback-congress,2025-05-24 11:08:25
"Pro-AI, pro-pollution, pro-surveillance: what you should know about Trump’s budget","The “One Big Beautiful Bill Act” that House Republicans narrowly passed early Thursday would strip state legislatures of AI oversight and scale back consumer protection and climate initiatives while funding border surveillance, among many other provisions. Th…",2025-05-22T19:42:37Z,The Verge,https://www.theverge.com/news/673015/trump-big-beautiful-bill-budget-reconciliation-ai-border-energy,2025-05-24 11:18:46
Meta faces Democratic probe into plans to power a giant data center with gas,"Meta’s building a new AI data center so massive in Louisiana that the local utility company has plans to construct three new gas-fired power plants to provide it with enough electricity. Now, advocates and lawmakers are pressing Meta for answers about how it’…",2025-05-17T00:04:09Z,The Verge,https://www.theverge.com/news/668934/meta-ai-data-center-gas-energy-climate-sustainability,2025-05-24 11:18:46
A study finds stacking bricks differently could help this country fight air pollution,"Bangladesh suffers from extreme air pollution, but a new study shows the brick industry can make small changes to have a big effect on the country's smog problem.",2025-05-18T09:00:00Z,NPR,https://www.npr.org/sections/goats-and-soda/2025/05/18/nx-s1-5389880/bangladesh-pollution-coal-bricks-air-quality,2025-05-24 11:18:46
Community groups say Louisiana is trying to stop them from monitoring air pollution,"For community groups to allege violations of environmental rules, a state law says groups have to use federally-approved testing equipment, and it sets restrictions for analyzing and sharing the data.",2025-05-22T16:55:16Z,NPR,https://www.npr.org/2025/05/22/nx-s1-5406261/louisiana-air-pollution-free-speech-rights,2025-05-24 11:18:46
Recycled artwork highlights ocean plastic pollution,"Recycled artwork highlights ocean plastic pollutionIn a poignant intersection of art and environmental awareness, Franco-Croatian artist and paper designer Ana Brecevic has unveiled her recent series, “Plasticum.” This serves as...",2025-05-17T22:30:34Z,Yanko Design,https://www.yankodesign.com/2025/05/17/recycled-artwork-highlights-ocean-plastic-pollution/,2025-05-24 11:18:46
Corals living amidst marine pollution is a call to awareness and action,"Corals living amidst marine pollution is a call to awareness and actionOcean pollution is a major problem for our planet but there are still people that do not believe it exists or maybe worse, are unconcerned...",2025-05-22T16:20:57Z,Yanko Design,https://www.yankodesign.com/2025/05/22/corals-living-amidst-marine-pollution-is-a-call-to-awareness-and-action/,2025-05-24 11:18:46
This Stunning Beach Is the No. 1 'Bacteria Hot Spot' in the U.S.—What Travelers Should Know,A beach in Hawaii topped the list.,2025-05-22T16:04:47Z,Travel+Leisure,https://www.travelandleisure.com/hawaii-beach-bacteria-hot-spot-in-usa-kahaluu-beach-oahu-11739944,2025-05-24 11:18:46
Honeybees are getting confused by electric pollution from power lines,"Airborne electric fields similar to those from nearby power lines seem to have a dramatic effect on honeybee foraging, raising concerns about widespread impacts on pollinators",2025-05-22T08:00:09Z,New Scientist,https://www.newscientist.com/article/2480997-honeybees-are-getting-confused-by-electric-pollution-from-power-lines/,2025-05-24 11:18:46
Dormant coal power plant to be transformed into revolutionary new facility: 'I'm excited about what this can deliver for people',The project is expected to become one of the largest battery storage sites in the U.K.,2025-05-22T10:45:43Z,Yahoo Entertainment,https://www.yahoo.com/news/dormant-coal-power-plant-transformed-104543835.html,2025-05-24 11:18:46
Congress moves to loosen toxic air pollution rules,"The House and Senate both voted to loosen regulations on air pollutants like dioxin and mercury, which are associated with higher cancer risk.",2025-05-22T18:54:37Z,NPR,https://www.npr.org/2025/05/22/nx-s1-5405619/air-pollution-rollback-congress,2025-05-24 11:18:46
India state on alert after ship carrying hazardous cargo capsizes,All 24 crew members on board the ship were rescued by Indian navy personnel after an hours-long operation.,2025-05-26T06:18:17Z,BBC News,https://www.bbc.com/news/articles/cdd2mr388ypo,2025-05-31 22:18:49
Mumbai's iconic pav bread might soon be toast,It's a working-class staple. And it could be priced out of the market by government efforts to make bakeries change from wood-fired ovens to other fuels to curb air pollution.,2025-05-25T13:07:10Z,NPR,https://www.npr.org/sections/goats-and-soda/2025/05/25/g-s1-64506/mumbais-iconic-pav-bread-might-soon-be-toast,2025-05-31 22:18:49
Battle begins over new homes approved in historic village without sewage capacity,"Charity launches legal challenge as it says problem of over-capacity sewage works near new homes is ""rife"".",2025-05-27T05:07:08Z,BBC News,https://www.bbc.com/news/articles/cn055462jy1o,2025-05-31 22:18:49
"11 things you should skip at your wedding reception, according to industry pros","From garter tosses and favors to Champagne toasts and fireworks, here's what wedding pros say to skip to save money and time at their reception.",2025-05-28T13:28:41Z,Business Insider,https://www.businessinsider.com/things-to-skip-wedding-reception-save-money-time,2025-05-31 22:18:49
Trump’s EPA Plans to Ditch Emission Limits on Power Plants,There would be no greenhouse gas caps on coal and gas-fired power plants.,2025-05-27T21:30:52Z,Gizmodo.com,https://gizmodo.com/trumps-epa-plans-to-ditch-emission-limits-on-power-plants-2000607938,2025-05-31 22:18:49
Scientists make breakthrough discovery in farm compost that boosts crop performance: 'The results show significant growth',It also reduced the amount of antibiotic-resistant genes and other organic pollutants.,2025-05-28T11:15:25Z,Yahoo Entertainment,https://www.yahoo.com/news/scientists-breakthrough-discovery-farm-compost-111525153.html,2025-05-31 22:18:49
AI could consume more power than Bitcoin by the end of 2025,"AI could soon surpass Bitcoin mining in energy consumption, according to a new analysis that concludes artificial intelligence could use close to half of all the electricity consumed by data centers globally by the end of 2025. The estimates come from Alex de…",2025-05-29T18:58:37Z,The Verge,https://www.theverge.com/climate-change/676528/ai-data-center-energy-forecast-bitcoin-mining,2025-05-31 22:18:49
French MPs vote to scrap low-emission zones,Critics said the zones hit those who cannot afford less-polluting vehicles the hardest.,2025-05-29T15:25:04Z,BBC News,https://www.bbc.com/news/articles/c0mrpl2208no,2025-05-31 22:18:49
Scientists worry Trump's budget cuts will halt satellite air pollution studies: 'It's incredibly short-sighted',"""The re-entries are really rising quickly. If we stop measuring what is happening in the atmosphere right now, we could be way beyond the point where we can stop the damage that's being done.""",2025-05-27T10:00:00Z,Space.com,https://www.space.com/space-exploration/satellites/scientists-worry-trumps-budget-cuts-will-halt-satellite-air-pollution-studies-its-incredibly-short-sighted,2025-05-31 22:18:49
Huge sea-urchin populations are overwhelming Hawaii's coral reefs,"This study measured the growth rate of coral reefs in Honaunau Bay, Hawaii, using on-site data gathering and aerial imagery. Researchers found that the reefs are being eroded by sea urchin populations which have exploded due to overfishing in the area. The re…",2025-05-28T19:06:50Z,Science Daily,https://www.sciencedaily.com/releases/2025/05/250528150650.htm,2025-05-31 22:18:49
Apple’s 5th Ave store spray-painted to protest ‘climate hypocrisy’,A climate change activist was arrested after spray-painting Apple’s 5th Avenue store as part of a protest against Big Tech’s “climate hypocrisy.” Protestors from the Extinction Rebellion environmental group staged a demonstration at the New York City storefro…,2025-07-07T14:11:57Z,The Verge,https://www.theverge.com/news/699245/apple-climate-hypocrisy-5th-ave-nyc-store-extinction-rebellion,2025-07-10 13:32:47
Contributor: We still rely on gasoline. Why is California adding to the cost and the pollution?,,2025-07-06T10:00:00Z,Yahoo Entertainment,https://consent.yahoo.com/v2/collectConsent?sessionId=1_cc-session_37a45b82-0294-4647-82d2-daa75c4b59a7,2025-07-10 13:32:47
Researchers raise red flags over cancer-causing threat lurking in crucial waterways: 'Could trigger a public health crisis',The consequences are mounting.,2025-07-06T10:15:15Z,Yahoo Entertainment,https://www.yahoo.com/news/researchers-raise-red-flags-over-101515643.html,2025-07-10 13:32:47
$88m pollution-tracking satellite missing in space,MethaneSat was meant to keep track of potent greenhouse gas emissions from oil and gas production.,2025-07-03T11:57:02Z,BBC News,https://www.bbc.com/news/articles/clynre7leyjo,2025-07-10 13:32:47
Air Pollution May Contribute to Development of Lung Cancer in Never-Smokers,"A new study reveals that air pollution, traditional herbal medicines and other environmental exposures are linked to genetic mutations that may contribute to the development of lung cancer in people with no or hardly any history of smoking.",2025-07-04T18:33:45Z,Ucsd.edu,https://today.ucsd.edu/story/air-pollution-may-contribute-to-development-of-lung-cancer-in-never-smokers-new-study-finds,2025-07-10 13:32:47
"The Dyson Air Purifier Is 50% Off, Amazon Launches Final Clearance Amid Soaring Pollution",This Dyson serves as both an air purifier and a fan.,2025-07-08T20:55:36Z,Gizmodo.com,https://gizmodo.com/the-dyson-air-purifier-is-50-off-amazon-launches-final-clearance-amid-soaring-pollution-2000626109,2025-07-10 13:32:47
Interactive Light Pollution Map Shows the Darkest Skies Near You,"If city lights block the stars over your backyard, this map can help you hunt down the darkest skies for epic stargazing.",2025-07-07T20:02:00Z,Mental Floss,https://www.mentalfloss.com/geography/maps/light-pollution-map-shows-dark-skies,2025-07-10 13:32:47
"Even low levels of air pollution may quietly scar your heart, MRI study finds","Breathing polluted air—even at levels considered “safe”—may quietly damage your heart. A new study using advanced MRI scans found that people exposed to more air pollution showed early signs of scarring in their heart muscle, which can lead to heart failure o…",2025-07-03T13:37:41Z,Science Daily,https://www.sciencedaily.com/releases/2025/07/250703092606.htm,2025-07-10 13:32:47
Startup unveils game-changing electric truck with impressive capabilities: 'Looks like a smart product',"""I wouldn't be too surprised if FedEx, UPS, and the Postal Service started buying this.""",2025-07-07T11:15:46Z,Yahoo Entertainment,https://tech.yahoo.com/transportation/articles/startup-unveils-game-changing-electric-111546805.html,2025-07-10 13:32:47
"Six months into congestion pricing, more cars are off the road",More than 10 million fewer vehicles have entered the zone.,2025-07-06T12:35:14Z,Spectrum News NY1,https://ny1.com/nyc/all-boroughs/traffic_and_transit/2025/07/05/six-months-into-congestion-pricing--more-cars-are-off-the-road--report-says,2025-07-10 13:32:47
Apple’s 5th Ave store spray-painted to protest ‘climate hypocrisy’,A climate change activist was arrested after spray-painting Apple’s 5th Avenue store as part of a protest against Big Tech’s “climate hypocrisy.” Protestors from the Extinction Rebellion environmental group staged a demonstration at the New York City storefro…,2025-07-07T14:11:57Z,The Verge,https://www.theverge.com/news/699245/apple-climate-hypocrisy-5th-ave-nyc-store-extinction-rebellion,2025-07-11 02:14:56
UN Passes Climate Change Motion After Marshall Islands Drops Fossil Fuels Focus,"The U.N. Human Rights Council passed a motion on climate change and human rights by consensus Tuesday after the Marshall Islands withdrew a divisive amendment calling for states to recommit to a fossil fuel phase-out. The motion calls on countries ""to contrib…",2025-07-08T21:25:00Z,Slashdot.org,https://news.slashdot.org/story/25/07/08/2013257/un-passes-climate-change-motion-after-marshall-islands-drops-fossil-fuels-focus,2025-07-11 02:14:56
We’re Blown Away by This Dyson Purifier Cool Fan Deal Cutting Nearly 50% for Amazon Prime Day,A massive $300 discount brings you this high-end air purifier and cooling fan for just $350 just in time for the brutal summer heat.,2025-07-09T16:50:18Z,Gizmodo.com,https://gizmodo.com/were-blown-away-by-this-dyson-purifier-cool-fan-deal-cutting-nearly-50-for-amazon-prime-day-2000625908,2025-07-11 02:14:56
The brutal realities of ICE Air,"In Donald Trump's second term, Immigration and Customs Enforcement (ICE) has escalated its enforcement operations in extremely public ways, conducting surprise raids, arresting lawmakers, and launching a new Florida detention center with an alt-right media bl…",2025-07-09T17:31:44Z,The Verge,https://www.theverge.com/planes/702479/ice-air-trump-mass-deportation-charter-airlines,2025-07-11 02:14:56
Why it’s so hard to warn people about flash floods,"By definition, flash floods are notoriously difficult to warn people about well in advance. They form rapidly, giving forecasters hours of lead time at best to figure out where they might hit with specificity. We've seen this with devastating effect in Texas,…",2025-07-08T19:06:46Z,The Verge,https://www.theverge.com/climate-change/701077/flash-flood-forecast-texas-disaster,2025-07-11 02:14:56
"Billionaire Mark Cuban Says AI Gives Workers ‘Superpowers,’ but Crypto Is ‘Not Even Close’ to Its iPhone Moment","In a Q&A with Gizmodo, the billionaire investor explains why AI is about to change your job and why crypto still hasn’t delivered on its promise.",2025-07-04T10:00:27Z,Gizmodo.com,https://gizmodo.com/billionaire-mark-cuban-says-ai-gives-workers-superpowers-but-crypto-is-not-even-close-to-its-iphone-moment-2000623749,2025-07-11 02:14:56
"Archaeologists Dug up a 3,500-Year-Old Lost City from the Americas’ Oldest Civilization","Peñico was established in 1800 B.C., just after the 5,000-year-old Caral civilization fell due to climate change.",2025-07-09T16:00:00Z,Popular Mechanics,https://www.popularmechanics.com/science/archaeology/a65333215/penico-peru-caral/,2025-07-11 02:14:56
iPhone 16 Pro Design Change Rumored to Expand to iPhone 17 and iPhone 17 Air,"Apple says the iPhone 16 Pro and iPhone 16 Pro Max feature the thinnest bezels around the screen of any product it has ever released, and it has now been rumored that this design change will expand to more iPhone models later this year.





The entire iPhone…",2025-07-07T14:13:05Z,MacRumors,https://www.macrumors.com/2025/07/07/iphone-17-and-17-air-thinner-bezels-rumor/,2025-07-11 02:14:56
From air to stone: The fig trees fighting climate change,"Kenyan fig trees can literally turn parts of themselves to stone, using microbes to convert internal crystals into limestone-like deposits that lock away carbon, sweeten surrounding soils, and still yield fruit—hinting at a delicious new weapon in the climate…",2025-07-07T03:54:49Z,Science Daily,https://www.sciencedaily.com/releases/2025/07/250706225819.htm,2025-07-11 02:14:56
"Hisense 85″ Canvas Google Smart TV Is $2,000 Off for Prime Day, Record Low on This Just 3-Month-Old Model",Save as much as 50% on the Hisense Class QLED 4K CanvasTV in sizes up to 85 inches.,2025-07-08T14:45:14Z,Gizmodo.com,https://gizmodo.com/hisense-85-canvas-google-smart-tv-is-2000-off-for-prime-day-record-low-on-this-just-3-month-old-model-2000625272,2025-07-11 02:14:56
We’re Blown Away by This Dyson Purifier Cool Fan Deal Cutting Nearly 50% for Amazon Prime Day,A massive $300 discount brings you this high-end air purifier and cooling fan for just $350 just in time for the brutal summer heat.,2025-07-09T16:50:18Z,Gizmodo.com,https://gizmodo.com/were-blown-away-by-this-dyson-purifier-cool-fan-deal-cutting-nearly-50-for-amazon-prime-day-2000625908,2025-07-11 02:15:08
The brutal realities of ICE Air,"In Donald Trump's second term, Immigration and Customs Enforcement (ICE) has escalated its enforcement operations in extremely public ways, conducting surprise raids, arresting lawmakers, and launching a new Florida detention center with an alt-right media bl…",2025-07-09T17:31:44Z,The Verge,https://www.theverge.com/planes/702479/ice-air-trump-mass-deportation-charter-airlines,2025-07-11 02:15:08
Why it’s so hard to warn people about flash floods,"By definition, flash floods are notoriously difficult to warn people about well in advance. They form rapidly, giving forecasters hours of lead time at best to figure out where they might hit with specificity. We've seen this with devastating effect in Texas,…",2025-07-08T19:06:46Z,The Verge,https://www.theverge.com/climate-change/701077/flash-flood-forecast-texas-disaster,2025-07-11 02:15:08
iPhone 16 Pro Design Change Rumored to Expand to iPhone 17 and iPhone 17 Air,"Apple says the iPhone 16 Pro and iPhone 16 Pro Max feature the thinnest bezels around the screen of any product it has ever released, and it has now been rumored that this design change will expand to more iPhone models later this year.





The entire iPhone…",2025-07-07T14:13:05Z,MacRumors,https://www.macrumors.com/2025/07/07/iphone-17-and-17-air-thinner-bezels-rumor/,2025-07-11 02:15:08
From air to stone: The fig trees fighting climate change,"Kenyan fig trees can literally turn parts of themselves to stone, using microbes to convert internal crystals into limestone-like deposits that lock away carbon, sweeten surrounding soils, and still yield fruit—hinting at a delicious new weapon in the climate…",2025-07-07T03:54:49Z,Science Daily,https://www.sciencedaily.com/releases/2025/07/250706225819.htm,2025-07-11 02:15:08
"Amazon Offers Shark Air Purifier at Almost 50% Off to Clear Out Stock for Prime Day, and Clear Away Allergies",This limited-time Amazon deal is going to hugely improve the lives of allergy sufferers in your home.,2025-07-07T20:25:41Z,Gizmodo.com,https://gizmodo.com/amazon-offers-shark-air-purifier-at-almost-50-off-to-clear-out-stock-for-prime-day-and-clear-away-allergies-2000624947,2025-07-11 02:15:08
What Is a Heat Dome? All About the Weather Phenomenon Making Things Hotter,"It's super hot in a lot of places around the US right now, thanks in part to the heat dome that has taken hold in the atmosphere.",2025-07-05T10:03:03Z,CNET,https://www.cnet.com/news/what-is-a-heat-dome-all-about-the-weather-phenomenon-making-things-hotter/,2025-07-11 02:15:08
Shoes off at the airport? TSA appears to be giving the pesky rule the boot,"For nearly twenty years, most air travelers in the U.S. have been required to remove their shoes when going through security. That requirement seems to be ending.",2025-07-08T18:16:44Z,NPR,https://www.npr.org/2025/07/08/nx-s1-5460978/tsa-shoes-stay-on-airport-security-screening,2025-07-11 02:15:08
World Architecture Festival 2025 Shortlist: Carbon-Positive Hotels and Material Breakthroughs That Could Change How We Build,"World Architecture Festival 2025 Shortlist: Carbon-Positive Hotels and Material Breakthroughs That Could Change How We BuildThe World Architecture Festival just dropped its 2025 shortlist, and the results reveal a design world obsessed with solving climate ch…",2025-07-07T22:30:23Z,Yanko Design,https://www.yankodesign.com/2025/07/07/world-architecture-festival-2025-shortlist-carbon-positive-hotels-and-material-breakthroughs-that-could-change-how-we-build/,2025-07-11 02:15:08
Putin fires Russian transport minister after drones disrupt air travel,,2025-07-07T11:53:06Z,Yahoo Entertainment,https://consent.yahoo.com/v2/collectConsent?sessionId=1_cc-session_31727ef1-026d-41c1-bdfc-3217eca8ac0a,2025-07-11 02:15:08
We’re Blown Away by This Dyson Purifier Cool Fan Deal Cutting Nearly 50% for Amazon Prime Day,A massive $300 discount brings you this high-end air purifier and cooling fan for just $350 just in time for the brutal summer heat.,2025-07-09T16:50:18Z,Gizmodo.com,https://gizmodo.com/were-blown-away-by-this-dyson-purifier-cool-fan-deal-cutting-nearly-50-for-amazon-prime-day-2000625908,2025-07-11 02:15:24
The brutal realities of ICE Air,"In Donald Trump's second term, Immigration and Customs Enforcement (ICE) has escalated its enforcement operations in extremely public ways, conducting surprise raids, arresting lawmakers, and launching a new Florida detention center with an alt-right media bl…",2025-07-09T17:31:44Z,The Verge,https://www.theverge.com/planes/702479/ice-air-trump-mass-deportation-charter-airlines,2025-07-11 02:15:24
Why it’s so hard to warn people about flash floods,"By definition, flash floods are notoriously difficult to warn people about well in advance. They form rapidly, giving forecasters hours of lead time at best to figure out where they might hit with specificity. We've seen this with devastating effect in Texas,…",2025-07-08T19:06:46Z,The Verge,https://www.theverge.com/climate-change/701077/flash-flood-forecast-texas-disaster,2025-07-11 02:15:24
"This MacBook Air Is Selling at Half the Price of a MacBook Pro, Amazon Clears Out Prime Day Stock",We also bought a 2025 MacBook Air during this Prime Day.,2025-07-08T23:40:42Z,Gizmodo.com,https://gizmodo.com/this-macbook-air-is-selling-at-half-the-price-of-a-macbook-pro-amazon-clears-out-prime-day-stock-2000626255,2025-07-11 02:15:24
The 10 Prime Day deals that are most popular with Verge readers,"It may not surprise anyone who is tech-aware that publications such as The Verge track the affiliate links that are clicked by their readers — in fact, every article that links to a vendor has this statement on top: “If you buy something from a Verge link, Vo…",2025-07-09T14:40:27Z,The Verge,https://www.theverge.com/tech/701278/amazon-prime-day-2025-popular-products-verge-readers,2025-07-11 02:15:24
The best Prime Day smart home deals we found,"Prime Day is one of the best times of the year to stock up on smart home gear. With big price drops on all of Amazon’s many smart home brands, from Blink and Ring to Echo speakers and Eero Wi-Fi routers, plus a ton of other manufacturers getting in on the act…",2025-07-08T16:32:03Z,The Verge,https://www.theverge.com/amazon-prime-day-deals-tech/699919/best-smart-home-deals-amazon-prime-day,2025-07-11 02:15:24
"The Dyson Air Purifier Is 50% Off, Amazon Launches Final Clearance Amid Soaring Pollution",This Dyson serves as both an air purifier and a fan.,2025-07-08T20:55:36Z,Gizmodo.com,https://gizmodo.com/the-dyson-air-purifier-is-50-off-amazon-launches-final-clearance-amid-soaring-pollution-2000626109,2025-07-11 02:15:24
Prime Day Picks From People Who Obsessively Test Gear & Track Prices,"We review products year-round and spend weeks evaluating Prime Day deals to pick the best bargains on quality gadgets. Don't waste your money, shop real sales!",2025-07-09T09:12:33Z,Wired,https://www.wired.com/story/best-amazon-prime-deals-july-2025-1/,2025-07-11 02:15:24
iPhone 16 Pro Design Change Rumored to Expand to iPhone 17 and iPhone 17 Air,"Apple says the iPhone 16 Pro and iPhone 16 Pro Max feature the thinnest bezels around the screen of any product it has ever released, and it has now been rumored that this design change will expand to more iPhone models later this year.





The entire iPhone…",2025-07-07T14:13:05Z,MacRumors,https://www.macrumors.com/2025/07/07/iphone-17-and-17-air-thinner-bezels-rumor/,2025-07-11 02:15:24
Lenovo Chromebook Plus 14 review: the new king of Chromebooks,"The world of Chromebooks has its MacBook Air. Lenovo's latest Chromebook Plus 14 is an Arm-based thin-and-light with good specs, excellent battery life, a great keyboard, all-around solid build, and a fantastic OLED screen. But the best part is that its brigh…",2025-07-04T02:24:41Z,The Verge,https://www.theverge.com/reviews/697878/lenovo-chromebook-plus-14-laptop-google-chromeos-review,2025-07-11 02:15:24
Apple’s 5th Ave store spray-painted to protest ‘climate hypocrisy’,A climate change activist was arrested after spray-painting Apple’s 5th Avenue store as part of a protest against Big Tech’s “climate hypocrisy.” Protestors from the Extinction Rebellion environmental group staged a demonstration at the New York City storefro…,2025-07-07T14:11:57Z,The Verge,https://www.theverge.com/news/699245/apple-climate-hypocrisy-5th-ave-nyc-store-extinction-rebellion,2025-07-11 02:15:31
UN Passes Climate Change Motion After Marshall Islands Drops Fossil Fuels Focus,"The U.N. Human Rights Council passed a motion on climate change and human rights by consensus Tuesday after the Marshall Islands withdrew a divisive amendment calling for states to recommit to a fossil fuel phase-out. The motion calls on countries ""to contrib…",2025-07-08T21:25:00Z,Slashdot.org,https://news.slashdot.org/story/25/07/08/2013257/un-passes-climate-change-motion-after-marshall-islands-drops-fossil-fuels-focus,2025-07-11 02:15:31
Grandmother faces losing home over climate protest,"Jane McCarthy believes the council's pension fund and banking are ""investments in climate destruction"".",2025-07-07T05:16:19Z,BBC News,https://www.bbc.com/news/articles/cx24r79zxnno,2025-07-11 02:15:31
Why it’s so hard to warn people about flash floods,"By definition, flash floods are notoriously difficult to warn people about well in advance. They form rapidly, giving forecasters hours of lead time at best to figure out where they might hit with specificity. We've seen this with devastating effect in Texas,…",2025-07-08T19:06:46Z,The Verge,https://www.theverge.com/climate-change/701077/flash-flood-forecast-texas-disaster,2025-07-11 02:15:31
"Billionaire Mark Cuban Says AI Gives Workers ‘Superpowers,’ but Crypto Is ‘Not Even Close’ to Its iPhone Moment","In a Q&A with Gizmodo, the billionaire investor explains why AI is about to change your job and why crypto still hasn’t delivered on its promise.",2025-07-04T10:00:27Z,Gizmodo.com,https://gizmodo.com/billionaire-mark-cuban-says-ai-gives-workers-superpowers-but-crypto-is-not-even-close-to-its-iphone-moment-2000623749,2025-07-11 02:15:31
Why I kick down Peak District stone stacks,Stuart Cox says he wants to raise awareness of the damage the stacks can do to the environment.,2025-07-05T23:10:11Z,BBC News,https://www.bbc.com/news/articles/cd6g55w5l5zo,2025-07-11 02:15:31
"Archaeologists Dug up a 3,500-Year-Old Lost City from the Americas’ Oldest Civilization","Peñico was established in 1800 B.C., just after the 5,000-year-old Caral civilization fell due to climate change.",2025-07-09T16:00:00Z,Popular Mechanics,https://www.popularmechanics.com/science/archaeology/a65333215/penico-peru-caral/,2025-07-11 02:15:31
"'The Great Dying' mass extinction was a warning from the trees, study says","As climate change threatens tropical forests, a new study shows how the loss of those forests can be devastating to life on Earth.",2025-07-04T10:03:16Z,USA Today,https://www.usatoday.com/story/news/weather/2025/07/04/forest-loss-fueled-great-dying-mass-extinction-study-says/84446862007/,2025-07-11 02:15:31
"Inside the evolution of Biosphere 2, from '90s punchline to scientific playground","The venture, privately funded to start, is now run by the University of Arizona. And today, scientists there are quietly plugging away at research they hope will help us all adapt to the Biosphere 1 — that is Earth, and the climate change we are causing to it.",2025-07-07T09:00:00Z,NPR,https://www.npr.org/2025/07/07/nx-s1-5442529/biosphere-2-earth-sciences-climate-change,2025-07-11 02:15:31
Western Europe Sees Hottest June on Record Amid Extreme Heatwaves,"Western Europe sweltered through its hottest June on record last month, as ""extreme"" temperatures blasted the region in punishing back-to-back heatwaves, the EU climate monitor Copernicus said Wednesday. From a report: Globally, this past June was the third w…",2025-07-09T19:25:00Z,Slashdot.org,https://news.slashdot.org/story/25/07/09/1826228/western-europe-sees-hottest-june-on-record-amid-extreme-heatwaves,2025-07-11 02:15:31
"This MacBook Air Is Selling at Half the Price of a MacBook Pro, Amazon Clears Out Prime Day Stock",We also bought a 2025 MacBook Air during this Prime Day.,2025-07-08T23:40:42Z,Gizmodo.com,https://gizmodo.com/this-macbook-air-is-selling-at-half-the-price-of-a-macbook-pro-amazon-clears-out-prime-day-stock-2000626255,2025-07-11 02:15:50
We’re Blown Away by This Dyson Purifier Cool Fan Deal Cutting Nearly 50% for Amazon Prime Day,A massive $300 discount brings you this high-end air purifier and cooling fan for just $350 just in time for the brutal summer heat.,2025-07-09T16:50:18Z,Gizmodo.com,https://gizmodo.com/were-blown-away-by-this-dyson-purifier-cool-fan-deal-cutting-nearly-50-for-amazon-prime-day-2000625908,2025-07-11 02:15:50
The best Prime Day smart home deals we found,"Prime Day is one of the best times of the year to stock up on smart home gear. With big price drops on all of Amazon’s many smart home brands, from Blink and Ring to Echo speakers and Eero Wi-Fi routers, plus a ton of other manufacturers getting in on the act…",2025-07-08T16:32:03Z,The Verge,https://www.theverge.com/amazon-prime-day-deals-tech/699919/best-smart-home-deals-amazon-prime-day,2025-07-11 02:15:50
The brutal realities of ICE Air,"In Donald Trump's second term, Immigration and Customs Enforcement (ICE) has escalated its enforcement operations in extremely public ways, conducting surprise raids, arresting lawmakers, and launching a new Florida detention center with an alt-right media bl…",2025-07-09T17:31:44Z,The Verge,https://www.theverge.com/planes/702479/ice-air-trump-mass-deportation-charter-airlines,2025-07-11 02:15:50
Prime Day Picks From People Who Obsessively Test Gear & Track Prices,"We review products year-round and spend weeks evaluating Prime Day deals to pick the best bargains on quality gadgets. Don't waste your money, shop real sales!",2025-07-09T09:12:33Z,Wired,https://www.wired.com/story/best-amazon-prime-deals-july-2025-1/,2025-07-11 02:15:50
The 10 Prime Day deals that are most popular with Verge readers,"It may not surprise anyone who is tech-aware that publications such as The Verge track the affiliate links that are clicked by their readers — in fact, every article that links to a vendor has this statement on top: “If you buy something from a Verge link, Vo…",2025-07-09T14:40:27Z,The Verge,https://www.theverge.com/tech/701278/amazon-prime-day-2025-popular-products-verge-readers,2025-07-11 02:15:50
Lenovo Chromebook Plus 14 review: the new king of Chromebooks,"The world of Chromebooks has its MacBook Air. Lenovo's latest Chromebook Plus 14 is an Arm-based thin-and-light with good specs, excellent battery life, a great keyboard, all-around solid build, and a fantastic OLED screen. But the best part is that its brigh…",2025-07-04T02:24:41Z,The Verge,https://www.theverge.com/reviews/697878/lenovo-chromebook-plus-14-laptop-google-chromeos-review,2025-07-11 02:15:50
"The Dyson Air Purifier Is 50% Off, Amazon Launches Final Clearance Amid Soaring Pollution",This Dyson serves as both an air purifier and a fan.,2025-07-08T20:55:36Z,Gizmodo.com,https://gizmodo.com/the-dyson-air-purifier-is-50-off-amazon-launches-final-clearance-amid-soaring-pollution-2000626109,2025-07-11 02:15:50
"Dyson V15 Plus Cordless Vacuum Hits an All-Time Low for Amazon Prime Day, Beating Last Year’s Event Price",It's time you level up your vacuum game and keep your house cleaner with this can't miss prime day deal.,2025-07-07T17:10:15Z,Gizmodo.com,https://gizmodo.com/dyson-v15-plus-cordless-vacuum-hits-an-all-time-low-for-amazon-prime-day-beating-last-years-event-price-2000624389,2025-07-11 02:15:50
"This 100W Anker Block Charger Is Nearly Free, Amazon Is Selling Them by the Pallet Ahead of Prime Day",This is the best charger block you can have if you want to save space.,2025-07-06T19:59:04Z,Gizmodo.com,https://gizmodo.com/this-100w-anker-block-charger-is-nearly-free-amazon-is-selling-them-by-the-pallet-ahead-of-prime-day-2000624646,2025-07-11 02:15:50
Apple’s 5th Ave store spray-painted to protest ‘climate hypocrisy’,A climate change activist was arrested after spray-painting Apple’s 5th Avenue store as part of a protest against Big Tech’s “climate hypocrisy.” Protestors from the Extinction Rebellion environmental group staged a demonstration at the New York City storefro…,2025-07-07T14:11:57Z,The Verge,https://www.theverge.com/news/699245/apple-climate-hypocrisy-5th-ave-nyc-store-extinction-rebellion,2025-07-11 02:16:00
UN Passes Climate Change Motion After Marshall Islands Drops Fossil Fuels Focus,"The U.N. Human Rights Council passed a motion on climate change and human rights by consensus Tuesday after the Marshall Islands withdrew a divisive amendment calling for states to recommit to a fossil fuel phase-out. The motion calls on countries ""to contrib…",2025-07-08T21:25:00Z,Slashdot.org,https://news.slashdot.org/story/25/07/08/2013257/un-passes-climate-change-motion-after-marshall-islands-drops-fossil-fuels-focus,2025-07-11 02:16:00
Grandmother faces losing home over climate protest,"Jane McCarthy believes the council's pension fund and banking are ""investments in climate destruction"".",2025-07-07T05:16:19Z,BBC News,https://www.bbc.com/news/articles/cx24r79zxnno,2025-07-11 02:16:00
Why it’s so hard to warn people about flash floods,"By definition, flash floods are notoriously difficult to warn people about well in advance. They form rapidly, giving forecasters hours of lead time at best to figure out where they might hit with specificity. We've seen this with devastating effect in Texas,…",2025-07-08T19:06:46Z,The Verge,https://www.theverge.com/climate-change/701077/flash-flood-forecast-texas-disaster,2025-07-11 02:16:00
"Billionaire Mark Cuban Says AI Gives Workers ‘Superpowers,’ but Crypto Is ‘Not Even Close’ to Its iPhone Moment","In a Q&A with Gizmodo, the billionaire investor explains why AI is about to change your job and why crypto still hasn’t delivered on its promise.",2025-07-04T10:00:27Z,Gizmodo.com,https://gizmodo.com/billionaire-mark-cuban-says-ai-gives-workers-superpowers-but-crypto-is-not-even-close-to-its-iphone-moment-2000623749,2025-07-11 02:16:00
Why I kick down Peak District stone stacks,Stuart Cox says he wants to raise awareness of the damage the stacks can do to the environment.,2025-07-05T23:10:11Z,BBC News,https://www.bbc.com/news/articles/cd6g55w5l5zo,2025-07-11 02:16:00
"Archaeologists Dug up a 3,500-Year-Old Lost City from the Americas’ Oldest Civilization","Peñico was established in 1800 B.C., just after the 5,000-year-old Caral civilization fell due to climate change.",2025-07-09T16:00:00Z,Popular Mechanics,https://www.popularmechanics.com/science/archaeology/a65333215/penico-peru-caral/,2025-07-11 02:16:00
"'The Great Dying' mass extinction was a warning from the trees, study says","As climate change threatens tropical forests, a new study shows how the loss of those forests can be devastating to life on Earth.",2025-07-04T10:03:16Z,USA Today,https://www.usatoday.com/story/news/weather/2025/07/04/forest-loss-fueled-great-dying-mass-extinction-study-says/84446862007/,2025-07-11 02:16:00
"Inside the evolution of Biosphere 2, from '90s punchline to scientific playground","The venture, privately funded to start, is now run by the University of Arizona. And today, scientists there are quietly plugging away at research they hope will help us all adapt to the Biosphere 1 — that is Earth, and the climate change we are causing to it.",2025-07-07T09:00:00Z,NPR,https://www.npr.org/2025/07/07/nx-s1-5442529/biosphere-2-earth-sciences-climate-change,2025-07-11 02:16:00
Western Europe Sees Hottest June on Record Amid Extreme Heatwaves,"Western Europe sweltered through its hottest June on record last month, as ""extreme"" temperatures blasted the region in punishing back-to-back heatwaves, the EU climate monitor Copernicus said Wednesday. From a report: Globally, this past June was the third w…",2025-07-09T19:25:00Z,Slashdot.org,https://news.slashdot.org/story/25/07/09/1826228/western-europe-sees-hottest-june-on-record-amid-extreme-heatwaves,2025-07-11 02:16:00
Apple’s 5th Ave store spray-painted to protest ‘climate hypocrisy’,A climate change activist was arrested after spray-painting Apple’s 5th Avenue store as part of a protest against Big Tech’s “climate hypocrisy.” Protestors from the Extinction Rebellion environmental group staged a demonstration at the New York City storefro…,2025-07-07T14:11:57Z,The Verge,https://www.theverge.com/news/699245/apple-climate-hypocrisy-5th-ave-nyc-store-extinction-rebellion,2025-07-11 02:16:14
UN Passes Climate Change Motion After Marshall Islands Drops Fossil Fuels Focus,"The U.N. Human Rights Council passed a motion on climate change and human rights by consensus Tuesday after the Marshall Islands withdrew a divisive amendment calling for states to recommit to a fossil fuel phase-out. The motion calls on countries ""to contrib…",2025-07-08T21:25:00Z,Slashdot.org,https://news.slashdot.org/story/25/07/08/2013257/un-passes-climate-change-motion-after-marshall-islands-drops-fossil-fuels-focus,2025-07-11 02:16:14
Grandmother faces losing home over climate protest,"Jane McCarthy believes the council's pension fund and banking are ""investments in climate destruction"".",2025-07-07T05:16:19Z,BBC News,https://www.bbc.com/news/articles/cx24r79zxnno,2025-07-11 02:16:14
Why it’s so hard to warn people about flash floods,"By definition, flash floods are notoriously difficult to warn people about well in advance. They form rapidly, giving forecasters hours of lead time at best to figure out where they might hit with specificity. We've seen this with devastating effect in Texas,…",2025-07-08T19:06:46Z,The Verge,https://www.theverge.com/climate-change/701077/flash-flood-forecast-texas-disaster,2025-07-11 02:16:14
"Billionaire Mark Cuban Says AI Gives Workers ‘Superpowers,’ but Crypto Is ‘Not Even Close’ to Its iPhone Moment","In a Q&A with Gizmodo, the billionaire investor explains why AI is about to change your job and why crypto still hasn’t delivered on its promise.",2025-07-04T10:00:27Z,Gizmodo.com,https://gizmodo.com/billionaire-mark-cuban-says-ai-gives-workers-superpowers-but-crypto-is-not-even-close-to-its-iphone-moment-2000623749,2025-07-11 02:16:14
Why I kick down Peak District stone stacks,Stuart Cox says he wants to raise awareness of the damage the stacks can do to the environment.,2025-07-05T23:10:11Z,BBC News,https://www.bbc.com/news/articles/cd6g55w5l5zo,2025-07-11 02:16:14
"Archaeologists Dug up a 3,500-Year-Old Lost City from the Americas’ Oldest Civilization","Peñico was established in 1800 B.C., just after the 5,000-year-old Caral civilization fell due to climate change.",2025-07-09T16:00:00Z,Popular Mechanics,https://www.popularmechanics.com/science/archaeology/a65333215/penico-peru-caral/,2025-07-11 02:16:14
"'The Great Dying' mass extinction was a warning from the trees, study says","As climate change threatens tropical forests, a new study shows how the loss of those forests can be devastating to life on Earth.",2025-07-04T10:03:16Z,USA Today,https://www.usatoday.com/story/news/weather/2025/07/04/forest-loss-fueled-great-dying-mass-extinction-study-says/84446862007/,2025-07-11 02:16:14
"Inside the evolution of Biosphere 2, from '90s punchline to scientific playground","The venture, privately funded to start, is now run by the University of Arizona. And today, scientists there are quietly plugging away at research they hope will help us all adapt to the Biosphere 1 — that is Earth, and the climate change we are causing to it.",2025-07-07T09:00:00Z,NPR,https://www.npr.org/2025/07/07/nx-s1-5442529/biosphere-2-earth-sciences-climate-change,2025-07-11 02:16:14
Western Europe Sees Hottest June on Record Amid Extreme Heatwaves,"Western Europe sweltered through its hottest June on record last month, as ""extreme"" temperatures blasted the region in punishing back-to-back heatwaves, the EU climate monitor Copernicus said Wednesday. From a report: Globally, this past June was the third w…",2025-07-09T19:25:00Z,Slashdot.org,https://news.slashdot.org/story/25/07/09/1826228/western-europe-sees-hottest-june-on-record-amid-extreme-heatwaves,2025-07-11 02:16:14
Apple’s 5th Ave store spray-painted to protest ‘climate hypocrisy’,A climate change activist was arrested after spray-painting Apple’s 5th Avenue store as part of a protest against Big Tech’s “climate hypocrisy.” Protestors from the Extinction Rebellion environmental group staged a demonstration at the New York City storefro…,2025-07-07T14:11:57Z,The Verge,https://www.theverge.com/news/699245/apple-climate-hypocrisy-5th-ave-nyc-store-extinction-rebellion,2025-07-11 02:16:24
UN Passes Climate Change Motion After Marshall Islands Drops Fossil Fuels Focus,"The U.N. Human Rights Council passed a motion on climate change and human rights by consensus Tuesday after the Marshall Islands withdrew a divisive amendment calling for states to recommit to a fossil fuel phase-out. The motion calls on countries ""to contrib…",2025-07-08T21:25:00Z,Slashdot.org,https://news.slashdot.org/story/25/07/08/2013257/un-passes-climate-change-motion-after-marshall-islands-drops-fossil-fuels-focus,2025-07-11 02:16:24
Grandmother faces losing home over climate protest,"Jane McCarthy believes the council's pension fund and banking are ""investments in climate destruction"".",2025-07-07T05:16:19Z,BBC News,https://www.bbc.com/news/articles/cx24r79zxnno,2025-07-11 02:16:24
Why it’s so hard to warn people about flash floods,"By definition, flash floods are notoriously difficult to warn people about well in advance. They form rapidly, giving forecasters hours of lead time at best to figure out where they might hit with specificity. We've seen this with devastating effect in Texas,…",2025-07-08T19:06:46Z,The Verge,https://www.theverge.com/climate-change/701077/flash-flood-forecast-texas-disaster,2025-07-11 02:16:24
"Billionaire Mark Cuban Says AI Gives Workers ‘Superpowers,’ but Crypto Is ‘Not Even Close’ to Its iPhone Moment","In a Q&A with Gizmodo, the billionaire investor explains why AI is about to change your job and why crypto still hasn’t delivered on its promise.",2025-07-04T10:00:27Z,Gizmodo.com,https://gizmodo.com/billionaire-mark-cuban-says-ai-gives-workers-superpowers-but-crypto-is-not-even-close-to-its-iphone-moment-2000623749,2025-07-11 02:16:24
Why I kick down Peak District stone stacks,Stuart Cox says he wants to raise awareness of the damage the stacks can do to the environment.,2025-07-05T23:10:11Z,BBC News,https://www.bbc.com/news/articles/cd6g55w5l5zo,2025-07-11 02:16:24
"Archaeologists Dug up a 3,500-Year-Old Lost City from the Americas’ Oldest Civilization","Peñico was established in 1800 B.C., just after the 5,000-year-old Caral civilization fell due to climate change.",2025-07-09T16:00:00Z,Popular Mechanics,https://www.popularmechanics.com/science/archaeology/a65333215/penico-peru-caral/,2025-07-11 02:16:24
"'The Great Dying' mass extinction was a warning from the trees, study says","As climate change threatens tropical forests, a new study shows how the loss of those forests can be devastating to life on Earth.",2025-07-04T10:03:16Z,USA Today,https://www.usatoday.com/story/news/weather/2025/07/04/forest-loss-fueled-great-dying-mass-extinction-study-says/84446862007/,2025-07-11 02:16:24
"Inside the evolution of Biosphere 2, from '90s punchline to scientific playground","The venture, privately funded to start, is now run by the University of Arizona. And today, scientists there are quietly plugging away at research they hope will help us all adapt to the Biosphere 1 — that is Earth, and the climate change we are causing to it.",2025-07-07T09:00:00Z,NPR,https://www.npr.org/2025/07/07/nx-s1-5442529/biosphere-2-earth-sciences-climate-change,2025-07-11 02:16:24
Western Europe Sees Hottest June on Record Amid Extreme Heatwaves,"Western Europe sweltered through its hottest June on record last month, as ""extreme"" temperatures blasted the region in punishing back-to-back heatwaves, the EU climate monitor Copernicus said Wednesday. From a report: Globally, this past June was the third w…",2025-07-09T19:25:00Z,Slashdot.org,https://news.slashdot.org/story/25/07/09/1826228/western-europe-sees-hottest-june-on-record-amid-extreme-heatwaves,2025-07-11 02:16:24
How ‘Star Wars’ Inspired a Late Change to James Gunn’s ‘Superman’,"The DC film begins with its own version of the crawl, and James Gunn told io9 how it came to be.",2025-07-09T18:15:39Z,Gizmodo.com,https://gizmodo.com/how-star-wars-inspired-a-late-change-to-james-gunns-superman-2000626036,2025-07-11 02:16:24
"Climate Change’s Fingerprints Came Early, a Thought Experiment Reveals","Climate change left its signature on the atmosphere early in the industrial revolution, reveals a thought experiment investigation",2025-07-04T14:00:00Z,Scientific American,https://www.scientificamerican.com/article/climate-changes-fingerprints-came-early-a-thought-experiment-reveals/,2025-07-11 02:16:24
Samsung Galaxy Watch 8 Hands-On: Gemini Arrives on Wrists and It Could Change Everything,Google's AI chatbot could be the secret sauce to making smartwatches exciting again.,2025-07-09T14:54:46Z,Gizmodo.com,https://gizmodo.com/samsung-galaxy-watch-8-hands-on-gemini-arrives-on-wrists-and-it-could-change-everything-2000625884,2025-07-11 02:16:24
Microsoft’s Copilot Plus features might arrive on desktop PCs later this year,"Microsoft’s latest Windows AI features arrived first on new Copilot Plus PCs last year, but they were limited to a special range of laptops. That looks set to change thanks to Intel refreshing its existing Arrow Lake desktop CPUs later this year, that might j…",2025-07-08T08:48:19Z,The Verge,https://www.theverge.com/news/700294/intel-arrow-lake-refresh-npu-microsoft-copilot-plus-pc-features,2025-07-11 02:16:24
HBO Max is officially HBO Max again,"After announcing in May that it was giving up and returning to HBO Max branding for its streaming service, today Warner Bros. has officially made the change. The new / old branding can now be found across the streamer’s website and apps. It was reported yeste…",2025-07-09T10:15:34Z,The Verge,https://www.theverge.com/news/702261/hbo-max-rebrand-official-warner-bros,2025-07-11 02:16:24
"Melting Glaciers Could Unleash a Barrage of Volcanic Eruptions Worldwide, Scientists Warn","Glacial retreat caused a wave of volcanic activity in southern Chile as the last Ice Age came to an end, according to new research.",2025-07-08T15:10:19Z,Gizmodo.com,https://gizmodo.com/melting-glaciers-could-unleash-a-barrage-of-volcanic-eruptions-worldwide-scientists-warn-2000625728,2025-07-11 02:16:24
“Unbelievable”: The Internet Is Outraged Over How MAGA Officials Are Responding To The Texas Floods Amid The Trump Admin’s National Weather Service Cuts,"""we live in a society where conservatives believe in magical weather control machines but not climate change.""View Entire Post ›",2025-07-07T21:42:51Z,Buzzfeed,https://www.buzzfeed.com/morgansloss1/maga-politician-responses-texas-floods,2025-07-11 02:16:24
Contributor: We still rely on gasoline. Why is California adding to the cost and the pollution?,,2025-07-06T10:00:00Z,Yahoo Entertainment,https://consent.yahoo.com/v2/collectConsent?sessionId=1_cc-session_37a45b82-0294-4647-82d2-daa75c4b59a7,2025-07-11 02:16:24
Researchers raise red flags over cancer-causing threat lurking in crucial waterways: 'Could trigger a public health crisis',The consequences are mounting.,2025-07-06T10:15:15Z,Yahoo Entertainment,https://www.yahoo.com/news/researchers-raise-red-flags-over-101515643.html,2025-07-11 02:16:24
The 22 Best Non–Prime Day Deals From Retailers That Are Not Amazon,"Amazon doesn’t have a monopoly on deals. Forget Prime Day with tempting tech deals from Walmart, Target, and other retailers.",2025-07-11T22:38:31Z,Wired,https://www.wired.com/story/best-prime-day-deals-from-other-retailers-1/,2025-07-18 20:35:40
Eufy’s Floodlight Security Camera Is Cheaper Than Ever This Prime Day (2025),"If you want to beef up your home security this Prime Day, Eufy’s Floodlight Camera is a great way to do it.",2025-07-11T12:19:32Z,Wired,https://www.wired.com/story/eufy-e340-floodlight-security-camera-prime-day-deal-july-2025/,2025-07-18 20:35:40
The Enshittification of American Power,"First Google and Facebook, then the world. Under Trump 2.0, US statecraft is starting to mimic the worst tendencies of Big Tech.",2025-07-15T10:00:00Z,Wired,https://www.wired.com/story/enshittification-of-american-power/,2025-07-18 20:35:40
"6 Best Android Tablets (2025), Tested and Reviewed","Forget the iPad. Catch up on your favorite shows in bed with the best Android tablets, from the OnePlus Pad 3 to Samsung's Galaxy Tab S10 FE.",2025-07-15T12:02:00Z,Wired,https://www.wired.com/gallery/best-android-tablets/,2025-07-18 20:35:40
"It’s a great time to pick up a Kindle, Echo speaker, and other Amazon devices","It’s the last day of Amazon Prime Day(s), with the event set to wrap up at midnight tonight. There’s been a lot of great deals this week — we’ve seen the Powerbeats Pro 2, Apple’s M3 iPad Air, and Oura’s newest Ring 4 reach all-time low prices. Of course, man…",2025-07-11T19:10:27Z,The Verge,https://www.theverge.com/tech/705486/amazon-prime-day-device-deals-kindles-fire-tv-echo-speakers-sale-2025,2025-07-18 20:35:40
"Google’s Pixel 8 Pro is $599, and includes a free Pixel Watch 2","The Pixel 9A is a tempting phone for $499, but even more tempting is the 128GB Pixel 8 Pro, which is selling for $599 unlocked right now at the Google Store. Its perks are well worth the extra $100. You’re getting a more robust camera system (the 5x telephoto…",2025-07-14T15:23:03Z,The Verge,https://www.theverge.com/tech/706611/google-pixel-8-pro-watch-2-free-steam-pc-deal-sale,2025-07-18 20:35:40
DOJ paves the way for a legal war on fact-checking,"Newspapers and social media platforms that agree to deprioritize misinformation could be violating US antitrust law if they exclude rivals or lead to anticompetitive effects, the Justice Department says in a new legal filing.  President Donald Trump’s DOJ Ant…",2025-07-11T19:29:51Z,The Verge,https://www.theverge.com/news/705802/doj-antitrust-childrens-health-defense-covid-fact-checking-misinformation,2025-07-18 20:35:40
Google’s Discover page now summarizes news with AI,"Google is rolling out AI-generated summaries directly within Discover, its personalized news feed nestled within the Google Search app. TechCrunch reports that some users in the US are seeing Discover cards on iOS and Android that provide the new summaries in…",2025-07-16T11:02:02Z,The Verge,https://www.theverge.com/news/708089/google-discover-ai-summaries-ios-android,2025-07-18 20:35:40
Why I love my Apple EarPods,"Jay Peters is a news editor for The Verge, which means, he explains, “I write and edit news about tech, gaming, and all of the many things The Verge covers. I also write a lot about indie video games. And I’m taking over David Pierce’s Installer newsletter wh…",2025-07-15T14:51:16Z,The Verge,https://www.theverge.com/tech/704616/apple-earpods-favorites,2025-07-18 20:35:40
Sony’s pocket-sized RX1R camera returns with its first update in 10 years,"After nearly a decade, Sony has announced a new version of its fixed-lens compact RX1R camera that was last updated in 2015. The new third generation RX1R III arrives with the same 35mm full-frame Exmor R sensor as its predecessor, but with a bump from 42.4 t…",2025-07-15T17:57:19Z,The Verge,https://www.theverge.com/news/707589/sony-rx1r-iii-digital-compact-pocket-camera,2025-07-18 20:35:40
Donkey Kong Bananza turns destruction into joy,"My first thought upon starting up Donkey Kong Bananza was, ""Why yes, I actually would like to go ape shit."" The game starts by having Donkey Kong smash through a wall to reveal a glittering gem waiting to be liberated from the rock. But instead of punching th…",2025-07-16T02:07:14Z,The Verge,https://www.theverge.com/games-review/707704/donkey-kong-bananza-review-nintendo-switch-2,2025-07-18 20:35:40
Sony is still stubborn about the size of its cameras,"Sony's new RX1R III camera looks awesome. Hardcore photo enthusiasts have wanted an updated version of its full-frame compact camera, the RX1, for nearly a decade. I'm not surprised it costs a whopping $5,100 (cameras and lenses have been trending more expens…",2025-07-17T13:39:35Z,The Verge,https://www.theverge.com/cameras/708846/sony-rx1riii-full-frame-camera-size-issue-articulating-screen,2025-07-18 20:35:40
Can Nextdoor overhaul itself to be useful?,"In an era of social media-based restaurant reviewers, local neighborhood influencers, and an urgent need for trustworthy on-the-ground reports during moments of crisis, a crowdsourced hyperlocal platform like Nextdoor seems like a no-brainer. Yet something wa…",2025-07-14T21:28:12Z,The Verge,https://www.theverge.com/news/706618/nextdoor-redesign-ai-recommendations-local-news-emergency-alerts,2025-07-18 20:35:40
U.S. Lawmakers Blame Canada for Ruining Summer With Wildfire Smoke,Six Republican Congress members callously urged Canada to take “proper action” to mitigate smoke wafting into the U.S.,2025-07-11T18:15:51Z,Gizmodo.com,https://gizmodo.com/u-s-lawmakers-blame-canada-for-ruining-summer-with-wildfire-smoke-2000628204,2025-07-18 20:35:40
Asus RT-BE86U Review: This Dual-Band Wi-Fi 7 Router Punches Way Up,Asus’ Wi-Fi 7 router is a high-quality experience that gives you plenty of options—if only it were cheaper for what you get.,2025-07-17T11:00:19Z,Gizmodo.com,https://gizmodo.com/asus-rt-be86u-review-this-dual-band-wi-fi-7-router-punches-way-up-2000626041,2025-07-18 20:35:40
Meta Is Building Massive Gigawatt Data Centers as It Pours Billions Into AI,"""Just one of these covers a significant part of the footprint of Manhattan,” Mark Zuckerberg said.",2025-07-14T17:40:19Z,Gizmodo.com,https://gizmodo.com/meta-is-building-massive-gigawatt-data-centers-as-it-pours-billions-into-ai-2000628918,2025-07-18 20:35:40
These 4 Exercises May Be Key to a Good Night’s Sleep,"New research finds that yoga, walking, and other exercises could help you sleep longer and avoid daytime fatigue.",2025-07-15T22:32:40Z,Gizmodo.com,https://gizmodo.com/these-4-exercises-may-be-key-to-a-good-nights-sleep-2000629360,2025-07-18 20:35:40
This ‘Molecular Shield’ Might Stop Pollen Before It Wrecks Your Nose,"Vaccine experts have developed an antibody that, when applied to the nose, intercepts allergens before they can trigger a reaction.",2025-07-11T04:00:56Z,Gizmodo.com,https://gizmodo.com/this-molecular-shield-might-stop-pollen-before-it-wrecks-your-nose-2000627787,2025-07-18 20:35:40
Lenovo’s Luxurious Chromebook Plus 14 Has More Power Than It Knows What to Do With,The Lenovo Chromebook Plus 14 is the kind of companion that doesn't want to do anything but watch movies and cuddle.,2025-07-15T13:30:00Z,Gizmodo.com,https://gizmodo.com/lenovos-luxurious-chromebook-plus-14-has-more-power-than-it-knows-what-to-do-with-2000629048,2025-07-18 20:35:40
Samsung Galaxy Z Fold 7 Review: Foldable Perfection That’s Tempting Me to Leave My iPhone,I haven't been this obsessed over a Samsung phone since the company's literally explosive Galaxy Note 7.,2025-07-16T15:15:52Z,Gizmodo.com,https://gizmodo.com/samsung-galaxy-z-fold-7-review-foldable-perfection-thats-tempting-me-to-leave-my-iphone-2000629703,2025-07-18 20:35:40
The ‘Murderbot’ Finale Was Note-Perfect,"Alexander Skarsgård’s Apple TV+ sci-fi series came to a poignant yet hopeful finish, with plenty more left to explore.",2025-07-11T14:15:45Z,Gizmodo.com,https://gizmodo.com/murderbot-finale-recap-alexander-skarsgard-apple-tv-2000625145,2025-07-18 20:35:40
More than 150 farms in England caught using local water illegally,"Despite 141 incidents threatening environmental damage, just one farmer has been prosecuted.",2025-07-15T23:01:52Z,BBC News,https://www.bbc.com/news/articles/c4g89zwlxggo,2025-07-18 20:35:40
Lab-grown cheese is coming. But would you eat it?,"As vegan cheese sales decline and concerns about ultra-processed foods grow, a new cheese on the block faces challenges.",2025-07-13T00:12:02Z,BBC News,https://www.bbc.com/news/articles/c98jjgqyd6po,2025-07-18 20:35:40
'All my savings are going': Pub landlords fear closure as costs rise,"Publicans have contacted Your Voice, Your BBC News to sound alarm about the future of the industry.",2025-07-11T16:00:25Z,BBC News,https://www.bbc.com/news/articles/cvg8llxmnx7o,2025-07-18 20:35:40
'My disabled son was punched' - how a CCTV error exposed a major abuse scandal,"Glynn Brown was told there was no film evidence of his son Aaron being abused, but that was not the case.",2025-07-15T05:37:18Z,BBC News,https://www.bbc.com/news/articles/c8j1xxkxk74o,2025-07-18 20:35:40
Cheapest price EVER recorded: EarFun Air Pro 4 earbuds hit record-breaking price,"Don't sleep on this Prime Day deal! The comfy EarFun Air Pro 4 earbuds boast flagship features like LDAC, Auracast, hi-res audio, wireless charging, and ANC.",2025-07-11T07:27:28Z,Android Central,https://www.androidcentral.com/accessories/earbuds/cheapest-price-ever-recorded-earfun-air-pro-4-earbuds-hit-record-breaking-price,2025-07-18 20:35:40
These 3 wired earbuds under $20 for Prime Day are probably better than your wireless ones,"If you want to upgrade your mobile audio quality without spending a fortune, wired earbuds are the way to go. These are the ones you should buy.",2025-07-11T00:00:03Z,Android Central,https://www.androidcentral.com/accessories/earbuds/these-3-wired-earbuds-under-usd20-for-prime-day-are-probably-better-than-your-wireless-ones,2025-07-18 20:35:40
"With this $140 discount, the Kindle Scribe is actually worth buying","I'm not big on Kindle e-readers as I prefer Onyx Boox, but this Kindle Scribe deal is just too good to pass on.",2025-07-11T09:49:46Z,Android Central,https://www.androidcentral.com/tablets/kindle/with-this-usd140-discount-the-kindle-scribe-is-actually-worth-buying,2025-07-18 20:35:40
"Keep losing one earbud? Amazon feels bad for you, so these are under $30 today only","These $50 earbuds are discounted down to just $28 on Prime Day, and you owe it to yourself to pick up a pair before Friday ends.",2025-07-11T14:18:33Z,Android Central,https://www.androidcentral.com/accessories/headphones/cmf-buds-2-prime-day-deal-2025,2025-07-18 20:35:40
These 'Fan Edition' earbuds are still 45% OFF for a few more hours — act fast!,"These ""Fan Edition"" earbuds normally retail at $100. Right now they're just $55.",2025-07-11T23:00:00Z,Android Central,https://www.androidcentral.com/accessories/earbuds/these-fan-edition-earbuds-are-still-45-percent-off-for-a-few-more-hours-act-fast,2025-07-18 20:35:40
This is your last chance to get a 4K home theater upgrade at an unbelievable $649 discount,"XGIMI makes some of the best projectors around, and the Aura 2 is magnificent. It has a gorgeous design, 2300-lumen brightness projection, and all the smarts you need. And with a $649 discount, it's never been more affordable.",2025-07-11T06:14:35Z,Android Central,https://www.androidcentral.com/streaming-tv/android-tv/this-is-your-last-chance-to-get-a-4k-home-theater-upgrade-at-an-unbelievable-usd649-discount,2025-07-18 20:35:40
Perseid Meteor Shower 2025: How and when to see it,The Perseid meteor shower will be bright and active across the night sky over the next five weeks.,2025-07-17T16:40:35Z,BBC News,https://www.bbc.com/weather/articles/cly2xyxj9nlo,2025-07-19 11:29:56
Look Up at Night and You May See 2 Meteor Showers at Once,Peaking on the same day in July are the Alpha Capricornids and Southern delta Aquariids meteor showers.,2025-07-16T12:03:03Z,CNET,https://www.cnet.com/science/space/look-up-at-night-and-you-may-see-two-meteor-showers-at-once/,2025-07-19 11:29:56
China’s success in cleaning up air pollution may have accelerated global warming: Study,,2025-07-14T17:26:40Z,Yahoo Entertainment,https://consent.yahoo.com/v2/collectConsent?sessionId=1_cc-session_4e266fbb-b04a-4335-ac57-def49d9285ac,2025-07-19 11:29:56
PepsiCo hit with backlash after disturbing discovery in Himalayan mountains — here's what's happening,This is a tremendous problem.,2025-07-17T11:15:33Z,Yahoo Entertainment,https://www.yahoo.com/news/pepsico-hit-backlash-disturbing-discovery-111533795.html,2025-07-19 11:29:56
More Than Half of Carbon Credit Auditors Have Signed Off on 'Overclaimed' Benefits,"Can carbon-reducing projects ""offset"" a company's emissions? ""The reality has been less encouraging,"" according to a Science magazine editorial by Cary Coglianese, a law/political science professor at University of Pennsylvania, and Cynthia Giles, a former se…",2025-07-14T01:34:00Z,Slashdot.org,https://news.slashdot.org/story/25/07/14/0058203/more-than-half-of-carbon-credit-auditors-have-signed-off-on-overclaimed-benefits,2025-07-19 11:29:56
Shipping company unveils game-changing vessel that will traverse seas using ancient tech: 'The beginning of a new era',"""Putting smart and sustainable technologies into action.""",2025-07-17T11:30:29Z,Yahoo Entertainment,https://www.yahoo.com/news/shipping-company-unveils-game-changing-113029183.html,2025-07-19 11:29:56
Starbase is Elon Musk's city in Texas for SpaceX employees. Here's everything you need to know.,"Starbase is Elon Musk's city in Texas for SpaceX employees. Here's the lowdown on its history, government, and controversy.",2025-07-12T09:18:02Z,Business Insider,https://www.businessinsider.com/elon-musk-spacex-starship-texas-city-starbase-details-population-2025-7,2025-07-19 11:29:56
Most warming this century may be due to air pollution cuts,"Satellite data suggests cloud darkening is responsible for much of the warming since 2001, and the good news is that it is a temporary effect due to a drop in sulphate pollution",2025-07-14T10:00:13Z,New Scientist,https://www.newscientist.com/article/2487992-most-warming-this-century-may-be-due-to-air-pollution-cuts/,2025-07-19 11:29:56
More than 150 farms in England caught using local water illegally,"Despite 141 incidents threatening environmental damage, just one farmer has been prosecuted.",2025-07-15T23:01:52Z,BBC News,https://www.bbc.com/news/articles/c4g89zwlxggo,2025-07-19 11:29:56
Data Centers Are 'AI Factories.' Google and Meta Are Spending Big Bucks to Build Them,It's not just the spending that will be big. Meta's Mark Zuckerberg envisions a single data center whose footprint would occupy as much acreage as a good chunk of Manhattan.,2025-07-15T22:19:20Z,CNET,https://www.cnet.com/news/data-centers-are-ai-factories-google-and-meta-are-spending-big-bucks-to-build-them/,2025-07-19 11:29:56
